{
    "inf": {
        "mean_acc": 0.9619999999999999,
        "std_acc": 0.00960468635614928,
        "raw_accs": [
            0.9525,
            0.945,
            0.975,
            0.9475,
            0.9675,
            0.96,
            0.965,
            0.9575,
            0.965,
            0.9425,
            0.965,
            0.94,
            0.975,
            0.96,
            0.96,
            0.955,
            0.98,
            0.96,
            0.9625,
            0.9675,
            0.9525,
            0.965,
            0.9775,
            0.9625,
            0.9725,
            0.9675,
            0.95,
            0.9625,
            0.975,
            0.965,
            0.9675,
            0.9625,
            0.9725,
            0.9625,
            0.975,
            0.9525,
            0.9625,
            0.9575,
            0.945,
            0.965,
            0.96,
            0.965,
            0.9525,
            0.97,
            0.96,
            0.945,
            0.965,
            0.965,
            0.98,
            0.9625
        ]
    },
    "1.0": {
        "mean_acc": 0.9620999999999998,
        "std_acc": 0.0095571962415763,
        "raw_accs": [
            0.9525,
            0.945,
            0.975,
            0.95,
            0.9675,
            0.96,
            0.965,
            0.9575,
            0.9625,
            0.9425,
            0.965,
            0.94,
            0.975,
            0.9625,
            0.96,
            0.955,
            0.98,
            0.96,
            0.9625,
            0.9675,
            0.9525,
            0.965,
            0.9775,
            0.9625,
            0.9725,
            0.9675,
            0.95,
            0.9625,
            0.975,
            0.965,
            0.97,
            0.9625,
            0.9725,
            0.9625,
            0.975,
            0.9525,
            0.9625,
            0.9575,
            0.945,
            0.965,
            0.96,
            0.965,
            0.9525,
            0.97,
            0.96,
            0.945,
            0.965,
            0.965,
            0.98,
            0.9625
        ]
    },
    "0.1": {
        "mean_acc": 0.9625999999999999,
        "std_acc": 0.00938029850271302,
        "raw_accs": [
            0.955,
            0.95,
            0.9725,
            0.95,
            0.9675,
            0.96,
            0.965,
            0.9575,
            0.965,
            0.945,
            0.965,
            0.94,
            0.975,
            0.9625,
            0.96,
            0.9575,
            0.9775,
            0.96,
            0.9625,
            0.9675,
            0.9525,
            0.97,
            0.975,
            0.9625,
            0.9725,
            0.9675,
            0.95,
            0.9675,
            0.9775,
            0.9625,
            0.97,
            0.9625,
            0.975,
            0.965,
            0.975,
            0.9525,
            0.96,
            0.9575,
            0.9475,
            0.97,
            0.96,
            0.965,
            0.9525,
            0.97,
            0.9575,
            0.9425,
            0.97,
            0.965,
            0.98,
            0.96
        ]
    }
}