{
    "Logistic Regression": {
        "mean_acc": 0.9630499999999997,
        "std_acc": 0.009634443419315937,
        "raw_accs": [
            0.9575,
            0.95,
            0.9775,
            0.95,
            0.9675,
            0.9575,
            0.965,
            0.9575,
            0.9625,
            0.945,
            0.965,
            0.94,
            0.98,
            0.96,
            0.955,
            0.955,
            0.9825,
            0.9575,
            0.965,
            0.97,
            0.955,
            0.9675,
            0.9775,
            0.965,
            0.975,
            0.9725,
            0.9525,
            0.97,
            0.975,
            0.965,
            0.9675,
            0.965,
            0.9725,
            0.965,
            0.975,
            0.9575,
            0.965,
            0.9575,
            0.9475,
            0.9675,
            0.9575,
            0.9625,
            0.95,
            0.9675,
            0.9575,
            0.9475,
            0.9675,
            0.965,
            0.98,
            0.9625
        ]
    },
    "Nearest Centroid": {
        "mean_acc": 0.8928,
        "std_acc": 0.016819928656210167,
        "raw_accs": [
            0.8775,
            0.91,
            0.91,
            0.8575,
            0.9225,
            0.89,
            0.8925,
            0.8825,
            0.905,
            0.88,
            0.8725,
            0.895,
            0.9075,
            0.8875,
            0.8775,
            0.89,
            0.9125,
            0.8975,
            0.8925,
            0.9025,
            0.8675,
            0.915,
            0.8825,
            0.9075,
            0.915,
            0.9,
            0.885,
            0.89,
            0.9,
            0.8775,
            0.8875,
            0.915,
            0.94,
            0.8875,
            0.895,
            0.8725,
            0.9025,
            0.87,
            0.88,
            0.8875,
            0.87,
            0.8975,
            0.8575,
            0.9,
            0.9025,
            0.8825,
            0.875,
            0.905,
            0.915,
            0.895
        ]
    },
    "Linear SVM": {
        "mean_acc": 0.7308499999999999,
        "std_acc": 0.07857418469192029,
        "raw_accs": [
            0.8325,
            0.63,
            0.7375,
            0.8,
            0.69,
            0.7275,
            0.7675,
            0.8375,
            0.7525,
            0.795,
            0.7175,
            0.6625,
            0.7975,
            0.7275,
            0.6875,
            0.745,
            0.8025,
            0.6975,
            0.6125,
            0.8075,
            0.7925,
            0.7125,
            0.75,
            0.7875,
            0.5125,
            0.6275,
            0.8125,
            0.82,
            0.8525,
            0.72,
            0.6775,
            0.72,
            0.755,
            0.7225,
            0.6975,
            0.6625,
            0.7175,
            0.6325,
            0.6425,
            0.735,
            0.7675,
            0.72,
            0.7475,
            0.5775,
            0.6225,
            0.8475,
            0.7925,
            0.8625,
            0.84,
            0.5875
        ]
    }
}