{
    "BreastCancer": {
        "inf": {
            "mean_acc": 0.9440000000000001,
            "std_acc": 0.02630589287593179,
            "raw_accs": [
                0.94,
                0.93,
                0.96,
                0.96,
                0.96,
                0.9,
                0.99,
                0.92,
                0.93,
                0.98,
                0.98,
                0.96,
                0.93,
                0.92,
                0.89,
                0.94,
                0.97,
                0.93,
                0.92,
                0.98,
                0.96,
                0.94,
                0.93,
                0.93,
                0.96,
                0.95,
                0.91,
                0.96,
                0.89,
                0.9,
                0.97,
                0.98,
                0.97,
                0.97,
                0.98,
                0.91,
                0.92,
                0.93,
                0.99,
                0.93,
                0.96,
                0.93,
                0.95,
                0.96,
                0.92,
                0.97,
                0.93,
                0.95,
                0.95,
                0.91
            ]
        },
        "1.0": {
            "mean_acc": 0.9619999999999997,
            "std_acc": 0.019595917942265416,
            "raw_accs": [
                0.95,
                0.94,
                0.98,
                0.97,
                0.97,
                0.97,
                0.99,
                0.94,
                0.93,
                0.98,
                0.98,
                0.97,
                0.97,
                0.96,
                0.92,
                0.97,
                0.96,
                0.97,
                0.93,
                0.99,
                0.96,
                0.96,
                0.92,
                0.96,
                0.97,
                0.98,
                0.94,
                0.96,
                0.92,
                0.97,
                0.96,
                0.99,
                0.97,
                0.97,
                0.99,
                0.94,
                0.92,
                0.96,
                0.98,
                0.96,
                0.95,
                0.97,
                0.98,
                0.96,
                0.99,
                0.98,
                0.97,
                0.96,
                0.98,
                0.94
            ]
        },
        "0.1": {
            "mean_acc": 0.9645999999999999,
            "std_acc": 0.018569868066305693,
            "raw_accs": [
                0.95,
                0.94,
                0.99,
                0.97,
                0.98,
                0.97,
                0.98,
                0.96,
                0.93,
                0.98,
                0.96,
                0.98,
                0.97,
                0.97,
                0.95,
                0.97,
                0.95,
                0.99,
                0.93,
                0.99,
                0.95,
                0.97,
                0.9,
                0.97,
                0.97,
                0.97,
                0.95,
                0.95,
                0.97,
                0.96,
                0.96,
                0.98,
                0.97,
                0.96,
                0.99,
                0.95,
                0.95,
                0.97,
                0.99,
                0.96,
                0.95,
                0.98,
                0.99,
                0.94,
                0.99,
                0.98,
                0.97,
                0.96,
                0.98,
                0.94
            ]
        }
    },
    "USPS_1v2": {
        "inf": {
            "mean_acc": 0.9973000000000001,
            "std_acc": 0.003634556369077253,
            "raw_accs": [
                1.0,
                1.0,
                0.995,
                0.995,
                1.0,
                0.995,
                0.985,
                1.0,
                0.995,
                0.99,
                1.0,
                1.0,
                1.0,
                0.995,
                1.0,
                0.995,
                1.0,
                0.995,
                0.995,
                0.995,
                1.0,
                1.0,
                1.0,
                1.0,
                1.0,
                0.985,
                0.995,
                1.0,
                0.995,
                1.0,
                1.0,
                1.0,
                0.995,
                1.0,
                0.995,
                1.0,
                1.0,
                0.995,
                1.0,
                1.0,
                0.995,
                1.0,
                0.995,
                1.0,
                0.995,
                1.0,
                1.0,
                0.995,
                0.995,
                1.0
            ]
        },
        "1.0": {
            "mean_acc": 0.9967999999999999,
            "std_acc": 0.003969886648255845,
            "raw_accs": [
                1.0,
                1.0,
                0.995,
                0.99,
                1.0,
                0.995,
                0.99,
                0.995,
                0.995,
                0.995,
                1.0,
                1.0,
                1.0,
                1.0,
                1.0,
                0.99,
                0.995,
                0.995,
                0.99,
                1.0,
                1.0,
                1.0,
                1.0,
                1.0,
                0.995,
                0.98,
                0.995,
                0.995,
                0.995,
                0.995,
                1.0,
                1.0,
                1.0,
                0.995,
                0.995,
                1.0,
                1.0,
                0.995,
                1.0,
                1.0,
                0.995,
                1.0,
                0.995,
                1.0,
                0.995,
                1.0,
                1.0,
                0.995,
                0.995,
                1.0
            ]
        },
        "0.1": {
            "mean_acc": 0.9963000000000001,
            "std_acc": 0.004670117771534251,
            "raw_accs": [
                1.0,
                1.0,
                0.995,
                0.99,
                1.0,
                0.995,
                0.99,
                0.995,
                0.995,
                0.995,
                1.0,
                1.0,
                1.0,
                1.0,
                0.995,
                0.99,
                0.995,
                0.995,
                0.99,
                1.0,
                1.0,
                1.0,
                1.0,
                1.0,
                0.995,
                0.975,
                0.995,
                0.995,
                0.99,
                0.995,
                1.0,
                1.0,
                1.0,
                0.995,
                0.995,
                1.0,
                1.0,
                1.0,
                0.995,
                1.0,
                0.995,
                1.0,
                0.995,
                1.0,
                0.99,
                1.0,
                1.0,
                0.995,
                0.99,
                1.0
            ]
        }
    },
    "Fashion_0v1": {
        "inf": {
            "mean_acc": 0.9850500000000001,
            "std_acc": 0.0057116109811505885,